{"schemaVersion":"1.0","appDefinitionTemplate":{"id":"/providers/Microsoft.PowerApps/apps/","type":"Microsoft.PowerApps/apps","tags":{"primaryDeviceWidth":"1366","primaryDeviceHeight":"768","sienaVersion":"20220211T222222Z-3.22014.14.0","deviceCapabilities":"","supportsPortrait":"true","supportsLandscape":"true","primaryFormFactor":"Tablet","publisherVersion":"3.22014.14","minimumRequiredApiVersion":"2.2.0","hasComponent":"true","hasUnlockedComponent":"false","isUnifiedRootApp":"false"},"properties":{"appVersion":"2022-02-11T22:22:22Z","lifeCycleId":"Published","createdByClientVersion":{"major":3,"minor":22014,"build":14,"revision":0,"majorRevision":0,"minorRevision":0},"minClientVersion":{"major":3,"minor":22014,"build":14,"revision":0,"majorRevision":0,"minorRevision":0},"backgroundColor":"rgba(0, 176, 240, 1)","backgroundImageUri":"/14966739242110557383/Nd16bc053-2295-4c4d-be72-6d741e2fa3f5-logoSmallFile","displayName":"Journal Entry Review_Master_2","description":"","commitMessage":"","appUris":{"documentUri":{"value":"/14966739242110557383/Nd2819473-ce82-4aba-af7c-0b3adcd035b4-document.msapp"},"imageUris":[]},"createdTime":"0001-01-01T00:00:00Z","lastModifiedTime":"0001-01-01T00:00:00Z","sharedGroupsCount":0,"sharedUsersCount":0,"icons":{"smallIconUri":"/14966739242110557383/N093badff-5dff-4c46-a483-cd9f7914a5a1-small.png","mediumIconUri":"/14966739242110557383/Ne2a29405-624f-47de-9e77-14d27ce27431-medium.png","largeIconUri":"/14966739242110557383/N9140a675-5d4d-45d0-8e41-d67c45b5aa1a-large.png","wideIconUri":"/14966739242110557383/N8f79584e-ce4e-46c9-bf57-9a9d779ac821-wide.png"},"connectionReferences":{"9e7413d3-8edd-4949-baa5-593d780386c2":{"id":"6ffaa6cb-32af-4e73-8de0-9fc862968577","displayName":"Excel Online (Business)","iconUri":"https://connectoricons-prod.azureedge.net/releases/v1.0.1547/1.0.1547.2676/excelonlinebusiness/icon.png","dataSources":["A_DollarThresholds","A_SelectedDocTypesForReview","A_AllSAPADUsers","A_AllGLAccts","A_AccountsSelectedForReview","A_AllDocTypes","A_SelectedUsersToExcludeFromReview","A_SelectedDeptsToExclude","A_JournalEntriesForReview","A_ApprovedDirectors","A_ApprovedManagers","A_ApprovedVPs","A_JEForReview_Detail","A_AllDepts"],"dependencies":[],"dependents":[],"parameterHints":{},"parameterHintsV2":{},"isOnPremiseConnection":false,"bypassConsent":false,"dataSets":{"me,b%25216pWZh_Yim0S58eIHg9HTmms2L0zeZgVMvid6EBtPUkgwUp3EOGGrSK5UrYztqrKS,01FTZJJT2OW5X7W6YJOFGIEGC5EQYEWWYU":{"dataSources":{"A_DollarThresholds":{"tableName":"{FC6DE5F1-2AEB-4F35-A504-E508475FADE9}"}}},"me,b%25216pWZh_Yim0S58eIHg9HTmms2L0zeZgVMvid6EBtPUkgwUp3EOGGrSK5UrYztqrKS,01FTZJJT4JY3IA4SBBIBBK2SUHZZWJNPIC":{"dataSources":{"A_SelectedDocTypesForReview":{"tableName":"{AEB734DB-6C71-4A56-B6BE-12F56DB4A463}"}}},"me,b%25216pWZh_Yim0S58eIHg9HTmms2L0zeZgVMvid6EBtPUkgwUp3EOGGrSK5UrYztqrKS,01FTZJJT7STSONCKGDDVELHM6LZLC6OMTC":{"dataSources":{"A_AllSAPADUsers":{"tableName":"{3C43BFDC-26DC-4E09-9E41-89301417625C}"}}},"me,b%25216pWZh_Yim0S58eIHg9HTmms2L0zeZgVMvid6EBtPUkgwUp3EOGGrSK5UrYztqrKS,01FTZJJT54NR5H7IJMXZCIVHD2ZBEYLSFQ":{"dataSources":{"A_AllGLAccts":{"tableName":"{2F0420B5-51E7-498C-885B-EA504BFCD9E7}"}}},"me,b%25216pWZh_Yim0S58eIHg9HTmms2L0zeZgVMvid6EBtPUkgwUp3EOGGrSK5UrYztqrKS,01FTZJJT2I6QPHIBNVSNHICHPJHEIJAJCG":{"dataSources":{"A_AccountsSelectedForReview":{"tableName":"{AEB734DB-6C71-4A56-B6BE-12F56DB4A463}"}}},"me,b%25216pWZh_Yim0S58eIHg9HTmms2L0zeZgVMvid6EBtPUkgwUp3EOGGrSK5UrYztqrKS,01FTZJJT7IACUQKNY4N5FJZNOAGUCN54I6":{"dataSources":{"A_AllDocTypes":{"tableName":"{0418D893-84B7-4069-AD94-12BEFC341C6D}"}}},"me,b%25216pWZh_Yim0S58eIHg9HTmms2L0zeZgVMvid6EBtPUkgwUp3EOGGrSK5UrYztqrKS,01FTZJJT6BIJU2PCIXXBEZXXOACKEF4LDT":{"dataSources":{"A_SelectedUsersToExcludeFromReview":{"tableName":"{D956F18B-9255-4E78-A049-F23DF513D7F6}"}}},"me,b%25216pWZh_Yim0S58eIHg9HTmms2L0zeZgVMvid6EBtPUkgwUp3EOGGrSK5UrYztqrKS,01FTZJJTZ4CKKEM4P3LJGIY3E7IHU5E7K6":{"dataSources":{"A_SelectedDeptsToExclude":{"tableName":"{D956F18B-9255-4E78-A049-F23DF513D7F6}"}}},"me,b%25216pWZh_Yim0S58eIHg9HTmms2L0zeZgVMvid6EBtPUkgwUp3EOGGrSK5UrYztqrKS,01FTZJJT6MTALDPQH23VG3CAZMTPNNC7OE":{"dataSources":{"A_JournalEntriesForReview":{"tableName":"{89EFAC44-D05A-420E-87BA-3211927B5681}"}}},"me,b%25216pWZh_Yim0S58eIHg9HTmms2L0zeZgVMvid6EBtPUkgwUp3EOGGrSK5UrYztqrKS,01FTZJJT35FQHLYMBI6ZCYFJDGQ3CSYV2G":{"dataSources":{"A_ApprovedDirectors":{"tableName":"{3E7BC9B6-7D25-47C9-B4A9-20B01D83D93E}"}}},"me,b%25216pWZh_Yim0S58eIHg9HTmms2L0zeZgVMvid6EBtPUkgwUp3EOGGrSK5UrYztqrKS,01FTZJJTZ2HZ4AI46DINEJAKER2VRT4MPN":{"dataSources":{"A_ApprovedManagers":{"tableName":"{3E7BC9B6-7D25-47C9-B4A9-20B01D83D93E}"}}},"me,b%25216pWZh_Yim0S58eIHg9HTmms2L0zeZgVMvid6EBtPUkgwUp3EOGGrSK5UrYztqrKS,01FTZJJT2JWBVFLW4WMZDLOSVPHPDZJGGZ":{"dataSources":{"A_ApprovedVPs":{"tableName":"{3E7BC9B6-7D25-47C9-B4A9-20B01D83D93E}"}}},"me,b%25216pWZh_Yim0S58eIHg9HTmms2L0zeZgVMvid6EBtPUkgwUp3EOGGrSK5UrYztqrKS,01FTZJJTYVCECHGZDGUBEIUIAWETF43ZQG":{"dataSources":{"A_JEForReview_Detail":{"tableName":"{32E69F65-BFAF-4639-8C93-DCB5DAAEC3D5}"}}},"me,b%25216pWZh_Yim0S58eIHg9HTmms2L0zeZgVMvid6EBtPUkgwUp3EOGGrSK5UrYztqrKS,01FTZJJT5BGRJSHPRFXNG3GUVMIUWRC64A":{"dataSources":{"A_AllDepts":{"tableName":"{74BC7139-50F7-4A6F-8DAD-D6613824E1EA}"}}}},"apiTier":"Standard","isCustomApiConnection":false,"actions":["providers/PowerPlatform.Governance/Operations/Read","providers/PowerPlatform.Governance/Operations/Delete"]}},"authorizationReferences":[{"resourceId":"powerbi"}],"databaseReferences":{},"almMode":"Environment","performanceOptimizationEnabled":true,"canConsumeAppPass":true,"executionRestrictions":{"isTeamsOnly":false,"dataLossPreventionEvaluationResult":{"status":"Compliant","lastEvaluationDate":"2021-09-01T14:05:02.6314156Z","violations":[],"violationsByPolicy":[],"violationErrorMessage":"The app uses the following connectors: shared_excelonlinebusiness."}}},"appType":"ClassicCanvasApp","appComponents":[]}}